{
  "overall": {
    "precision": 0.5724765250157331,
    "recall": 0.6846745451134871,
    "f1": 0.6179370227377634,
    "num_samples": 4884.0
  },
  "classes": {
    "anger": {
      "precision": 0.33781763826606875,
      "recall": 0.37293729372937295,
      "f1": 0.3545098039215686,
      "num_samples": 4884.0
    },
    "disgust": {
      "precision": 0.0,
      "recall": 0.0,
      "f1": 0.0,
      "num_samples": 4884.0
    },
    "fear": {
      "precision": 0.0,
      "recall": 0.0,
      "f1": 0.0,
      "num_samples": 4884.0
    },
    "joy": {
      "precision": 0.7161936560934892,
      "recall": 0.8777493606138107,
      "f1": 0.7887841875430935,
      "num_samples": 4884.0
    },
    "sadness": {
      "precision": 0.44321329639889195,
      "recall": 0.4507042253521127,
      "f1": 0.4469273743016759,
      "num_samples": 4884.0
    },
    "surprise": {
      "precision": 0.6053215077605322,
      "recall": 0.4319620253164557,
      "f1": 0.5041551246537397,
      "num_samples": 4884.0
    },
    "neutral": {
      "precision": 0.5634114007954043,
      "recall": 0.7919254658385093,
      "f1": 0.6584043377226956,
      "num_samples": 4884.0
    }
  }
}
