{
  "overall": {
    "precision": 0.6305736275839702,
    "recall": 0.6874882761208029,
    "f1": 0.6556348883490837,
    "num_samples": 4884.0
  },
  "classes": {
    "anger": {
      "precision": 0.46285714285714286,
      "recall": 0.5346534653465347,
      "f1": 0.4961715160796325,
      "num_samples": 4884.0
    },
    "disgust": {
      "precision": 0.0,
      "recall": 0.0,
      "f1": 0.0,
      "num_samples": 4884.0
    },
    "fear": {
      "precision": 0.0,
      "recall": 0.0,
      "f1": 0.0,
      "num_samples": 4884.0
    },
    "joy": {
      "precision": 0.7826704545454546,
      "recall": 0.8455242966751918,
      "f1": 0.8128841898205066,
      "num_samples": 4884.0
    },
    "sadness": {
      "precision": 0.625,
      "recall": 0.49295774647887325,
      "f1": 0.5511811023622046,
      "num_samples": 4884.0
    },
    "surprise": {
      "precision": 0.5768566493955095,
      "recall": 0.5284810126582279,
      "f1": 0.5516102394715112,
      "num_samples": 4884.0
    },
    "neutral": {
      "precision": 0.5990853658536586,
      "recall": 0.7322981366459628,
      "f1": 0.6590273896031303,
      "num_samples": 4884.0
    }
  }
}
