{
  "overall": {
    "precision": 0.6250486322979808,
    "recall": 0.6766085162258488,
    "f1": 0.646835662419661,
    "num_samples": 4884.0
  },
  "classes": {
    "anger": {
      "precision": 0.40030911901081917,
      "recall": 0.4273927392739274,
      "f1": 0.41340782122905023,
      "num_samples": 4884.0
    },
    "disgust": {
      "precision": 0.0,
      "recall": 0.0,
      "f1": 0.0,
      "num_samples": 4884.0
    },
    "fear": {
      "precision": 0.0,
      "recall": 0.0,
      "f1": 0.0,
      "num_samples": 4884.0
    },
    "joy": {
      "precision": 0.8015602145294978,
      "recall": 0.8409207161125319,
      "f1": 0.8207688467299051,
      "num_samples": 4884.0
    },
    "sadness": {
      "precision": 0.5272727272727272,
      "recall": 0.49014084507042255,
      "f1": 0.508029197080292,
      "num_samples": 4884.0
    },
    "surprise": {
      "precision": 0.591796875,
      "recall": 0.47943037974683544,
      "f1": 0.5297202797202797,
      "num_samples": 4884.0
    },
    "neutral": {
      "precision": 0.5970802919708029,
      "recall": 0.762111801242236,
      "f1": 0.6695770804911324,
      "num_samples": 4884.0
    }
  }
}
